millis,stamp,datetime,motion
999,1561856461, 2019/7/0 1:1:1, Active
1999,1561856461, 2019/7/0 1:1:1, Active
2999,1561856461, 2019/7/0 1:1:1, Active
3999,1561856461, 2019/7/0 1:1:1, Inactive
4999,1561856461, 2019/7/0 1:1:1, Inactive
5999,1561856461, 2019/7/0 1:1:1, Inactive
6999,1561856461, 2019/7/0 1:1:1, Inactive
7999,1561856461, 2019/7/0 1:1:1, Inactive
8999,1561856461, 2019/7/0 1:1:1, Inactive
9999,1561856461, 2019/7/0 1:1:1, Inactive
10999,1561856461, 2019/7/0 1:1:1, Active
11999,1561856461, 2019/7/0 1:1:1, Active
12999,1561856461, 2019/7/0 1:1:1, Inactive
14000,1561856461, 2019/7/0 1:1:1, Inactive
14999,1561856461, 2019/7/0 1:1:1, Inactive
16000,1561856461, 2019/7/0 1:1:1, Inactive
16999,1561856461, 2019/7/0 1:1:1, Inactive
17999,1561856461, 2019/7/0 1:1:1, Inactive
18999,1561856461, 2019/7/0 1:1:1, Active
19999,1561856461, 2019/7/0 1:1:1, Active
20999,1561856461, 2019/7/0 1:1:1, Active
21999,1561856461, 2019/7/0 1:1:1, Inactive
22999,1561856461, 2019/7/0 1:1:1, Inactive
23999,1561856461, 2019/7/0 1:1:1, Inactive
24999,1561856461, 2019/7/0 1:1:1, Inactive
25999,1561856461, 2019/7/0 1:1:1, Inactive
26999,1561856461, 2019/7/0 1:1:1, Inactive
27999,1561856461, 2019/7/0 1:1:1, Inactive
28999,1561856461, 2019/7/0 1:1:1, Active
29999,1561856461, 2019/7/0 1:1:1, Active
30999,1561856461, 2019/7/0 1:1:1, Active
32000,1561856461, 2019/7/0 1:1:1, Inactive
32998,1561856461, 2019/7/0 1:1:1, Inactive
33999,1561856461, 2019/7/0 1:1:1, Inactive
34999,1561856461, 2019/7/0 1:1:1, Inactive
35999,1561856461, 2019/7/0 1:1:1, Inactive
36999,1561856461, 2019/7/0 1:1:1, Active
37999,1561856461, 2019/7/0 1:1:1, Active
38999,1561856461, 2019/7/0 1:1:1, Active
39999,1561856461, 2019/7/0 1:1:1, Inactive
40999,1561856461, 2019/7/0 1:1:1, Inactive
41999,1561856461, 2019/7/0 1:1:1, Inactive
42999,1561856461, 2019/7/0 1:1:1, Inactive
43999,1561856461, 2019/7/0 1:1:1, Inactive
44999,1561856461, 2019/7/0 1:1:1, Inactive
45999,1561856461, 2019/7/0 1:1:1, Inactive
46999,1561856461, 2019/7/0 1:1:1, Inactive
48000,1561856461, 2019/7/0 1:1:1, Active
48999,1561856461, 2019/7/0 1:1:1, Active
49999,1561856461, 2019/7/0 1:1:1, Active
50999,1561856461, 2019/7/0 1:1:1, Inactive
51999,1561856461, 2019/7/0 1:1:1, Inactive
52999,1561856461, 2019/7/0 1:1:1, Inactive
53999,1561856461, 2019/7/0 1:1:1, Inactive
54999,1561856461, 2019/7/0 1:1:1, Inactive
55999,1561856461, 2019/7/0 1:1:1, Inactive
56999,1561856461, 2019/7/0 1:1:1, Active
57999,1561856461, 2019/7/0 1:1:1, Active
58999,1561856461, 2019/7/0 1:1:1, Inactive
59998,1561856461, 2019/7/0 1:1:1, Inactive
60999,1561856461, 2019/7/0 1:1:1, Inactive
61999,1561856461, 2019/7/0 1:1:1, Inactive
62999,1561856461, 2019/7/0 1:1:1, Inactive
64000,1561856461, 2019/7/0 1:1:1, Inactive
64999,1561856461, 2019/7/0 1:1:1, Inactive
65999,1561856461, 2019/7/0 1:1:1, Active
66999,1561856461, 2019/7/0 1:1:1, Active
67999,1561856461, 2019/7/0 1:1:1, Active
68999,1561856461, 2019/7/0 1:1:1, Inactive
69999,1561856461, 2019/7/0 1:1:1, Inactive
71000,1561856461, 2019/7/0 1:1:1, Inactive
71999,1561856461, 2019/7/0 1:1:1, Inactive
72999,1561856461, 2019/7/0 1:1:1, Inactive
73999,1561856461, 2019/7/0 1:1:1, Inactive
74998,1561856461, 2019/7/0 1:1:1, Inactive
75999,1561856461, 2019/7/0 1:1:1, Inactive
76999,1561856461, 2019/7/0 1:1:1, Active
77999,1561856461, 2019/7/0 1:1:1, Active
78999,1561856461, 2019/7/0 1:1:1, Active
80000,1561856461, 2019/7/0 1:1:1, Inactive
80999,1561856461, 2019/7/0 1:1:1, Inactive
81999,1561856461, 2019/7/0 1:1:1, Inactive
82999,1561856461, 2019/7/0 1:1:1, Inactive
83999,1561856461, 2019/7/0 1:1:1, Inactive
84999,1561856461, 2019/7/0 1:1:1, Inactive
85999,1561856461, 2019/7/0 1:1:1, Inactive
86999,1561856461, 2019/7/0 1:1:1, Active
87999,1561856461, 2019/7/0 1:1:1, Active
88999,1561856461, 2019/7/0 1:1:1, Active
89999,1561856461, 2019/7/0 1:1:1, Inactive
90998,1561856461, 2019/7/0 1:1:1, Inactive
91999,1561856461, 2019/7/0 1:1:1, Inactive
92999,1561856461, 2019/7/0 1:1:1, Inactive
94000,1561856461, 2019/7/0 1:1:1, Inactive
94999,1561856461, 2019/7/0 1:1:1, Inactive
96000,1561856461, 2019/7/0 1:1:1, Active
96999,1561856461, 2019/7/0 1:1:1, Active
97999,1561856461, 2019/7/0 1:1:1, Active
98999,1561856461, 2019/7/0 1:1:1, Inactive
99999,1561856461, 2019/7/0 1:1:1, Inactive
100999,1561856461, 2019/7/0 1:1:1, Inactive
101999,1561856461, 2019/7/0 1:1:1, Inactive
102999,1561856461, 2019/7/0 1:1:1, Inactive
103999,1561856461, 2019/7/0 1:1:1, Inactive
104999,1561856461, 2019/7/0 1:1:1, Inactive
105999,1561856461, 2019/7/0 1:1:1, Inactive
106999,1561856461, 2019/7/0 1:1:1, Inactive
107999,1561856461, 2019/7/0 1:1:1, Inactive
108999,1561856461, 2019/7/0 1:1:1, Inactive
110000,1561856461, 2019/7/0 1:1:1, Inactive
110999,1561856461, 2019/7/0 1:1:1, Active
111998,1561856461, 2019/7/0 1:1:1, Active
112999,1561856461, 2019/7/0 1:1:1, Active
113999,1561856461, 2019/7/0 1:1:1, Inactive
114999,1561856461, 2019/7/0 1:1:1, Inactive
115999,1561856461, 2019/7/0 1:1:1, Inactive
117000,1561856461, 2019/7/0 1:1:1, Inactive
117999,1561856461, 2019/7/0 1:1:1, Inactive
118999,1561856461, 2019/7/0 1:1:1, Inactive
119999,1561856461, 2019/7/0 1:1:1, Active
120999,1561856461, 2019/7/0 1:1:1, Active
121999,1561856461, 2019/7/0 1:1:1, Active
122999,1561856461, 2019/7/0 1:1:1, Inactive
123999,1561856461, 2019/7/0 1:1:1, Inactive
124999,1561856461, 2019/7/0 1:1:1, Inactive
125999,1561856461, 2019/7/0 1:1:1, Inactive
126999,1561856461, 2019/7/0 1:1:1, Inactive
128000,1561856461, 2019/7/0 1:1:1, Inactive
128999,1561856461, 2019/7/0 1:1:1, Inactive
129999,1561856461, 2019/7/0 1:1:1, Active
130999,1561856461, 2019/7/0 1:1:1, Active
131999,1561856461, 2019/7/0 1:1:1, Active
132999,1561856461, 2019/7/0 1:1:1, Inactive
133999,1561856461, 2019/7/0 1:1:1, Inactive
134999,1561856461, 2019/7/0 1:1:1, Inactive
135999,1561856461, 2019/7/0 1:1:1, Inactive
136999,1561856461, 2019/7/0 1:1:1, Inactive
137999,1561856461, 2019/7/0 1:1:1, Inactive
138999,1561856461, 2019/7/0 1:1:1, Inactive
139999,1561856461, 2019/7/0 1:1:1, Inactive
140999,1561856461, 2019/7/0 1:1:1, Inactive
141999,1561856461, 2019/7/0 1:1:1, Inactive
142999,1561856461, 2019/7/0 1:1:1, Inactive
144000,1561856461, 2019/7/0 1:1:1, Inactive
144999,1561856461, 2019/7/0 1:1:1, Inactive
145999,1561856461, 2019/7/0 1:1:1, Inactive
146999,1561856461, 2019/7/0 1:1:1, Inactive
147999,1561856461, 2019/7/0 1:1:1, Inactive
148999,1561856461, 2019/7/0 1:1:1, Active
149999,1561856461, 2019/7/0 1:1:1, Active
151000,1561856461, 2019/7/0 1:1:1, Active
151999,1561856461, 2019/7/0 1:1:1, Inactive
152999,1561856461, 2019/7/0 1:1:1, Inactive
153999,1561856461, 2019/7/0 1:1:1, Inactive
154999,1561856461, 2019/7/0 1:1:1, Inactive
155999,1561856461, 2019/7/0 1:1:1, Inactive
156999,1561856461, 2019/7/0 1:1:1, Inactive
157999,1561856461, 2019/7/0 1:1:1, Active
158999,1561856461, 2019/7/0 1:1:1, Active
160000,1561856461, 2019/7/0 1:1:1, Inactive
160999,1561856461, 2019/7/0 1:1:1, Inactive
161999,1561856461, 2019/7/0 1:1:1, Inactive
162999,1561856461, 2019/7/0 1:1:1, Inactive
163999,1561856461, 2019/7/0 1:1:1, Inactive
164999,1561856461, 2019/7/0 1:1:1, Inactive
165999,1561856461, 2019/7/0 1:1:1, Active
166999,1561856461, 2019/7/0 1:1:1, Active
167999,1561856461, 2019/7/0 1:1:1, Active
168999,1561856461, 2019/7/0 1:1:1, Inactive
169999,1561856461, 2019/7/0 1:1:1, Inactive
170999,1561856461, 2019/7/0 1:1:1, Inactive
171999,1561856461, 2019/7/0 1:1:1, Inactive
172999,1561856461, 2019/7/0 1:1:1, Inactive
173999,1561856461, 2019/7/0 1:1:1, Inactive
174999,1561856461, 2019/7/0 1:1:1, Inactive
176000,1561856461, 2019/7/0 1:1:1, Inactive
176999,1561856461, 2019/7/0 1:1:1, Active
177999,1561856461, 2019/7/0 1:1:1, Active
178999,1561856461, 2019/7/0 1:1:1, Inactive
179999,1561856461, 2019/7/0 1:1:1, Inactive
180999,1561856461, 2019/7/0 1:1:1, Inactive
181999,1561856461, 2019/7/0 1:1:1, Inactive
182999,1561856461, 2019/7/0 1:1:1, Inactive
183999,1561856461, 2019/7/0 1:1:1, Inactive
184999,1561856461, 2019/7/0 1:1:1, Inactive
185999,1561856461, 2019/7/0 1:1:1, Active
186999,1561856461, 2019/7/0 1:1:1, Active
187999,1561856461, 2019/7/0 1:1:1, Active
188999,1561856461, 2019/7/0 1:1:1, Inactive
190000,1561856461, 2019/7/0 1:1:1, Inactive
190999,1561856461, 2019/7/0 1:1:1, Inactive
192000,1561856461, 2019/7/0 1:1:1, Inactive
192999,1561856461, 2019/7/0 1:1:1, Inactive
193999,1561856461, 2019/7/0 1:1:1, Inactive
194999,1561856461, 2019/7/0 1:1:1, Active
195999,1561856461, 2019/7/0 1:1:1, Active
196999,1561856461, 2019/7/0 1:1:1, Inactive
197999,1561856461, 2019/7/0 1:1:1, Inactive
198999,1561856461, 2019/7/0 1:1:1, Inactive
200000,1561856461, 2019/7/0 1:1:1, Inactive
200999,1561856461, 2019/7/0 1:1:1, Inactive
201999,1561856461, 2019/7/0 1:1:1, Inactive
202999,1561856461, 2019/7/0 1:1:1, Inactive
203999,1561856461, 2019/7/0 1:1:1, Active
204999,1561856461, 2019/7/0 1:1:1, Active
205999,1561856461, 2019/7/0 1:1:1, Active
206999,1561856461, 2019/7/0 1:1:1, Inactive
208000,1561856461, 2019/7/0 1:1:1, Inactive
208999,1561856461, 2019/7/0 1:1:1, Inactive
209998,1561856461, 2019/7/0 1:1:1, Inactive
210999,1561856461, 2019/7/0 1:1:1, Inactive
211999,1561856461, 2019/7/0 1:1:1, Active
212999,1561856461, 2019/7/0 1:1:1, Active
213999,1561856461, 2019/7/0 1:1:1, Active
214999,1561856461, 2019/7/0 1:1:1, Inactive
215999,1561856461, 2019/7/0 1:1:1, Inactive
216999,1561856461, 2019/7/0 1:1:1, Inactive
217999,1561856461, 2019/7/0 1:1:1, Inactive
218999,1561856461, 2019/7/0 1:1:1, Inactive
219999,1561856461, 2019/7/0 1:1:1, Inactive
220999,1561856461, 2019/7/0 1:1:1, Inactive
222000,1561856461, 2019/7/0 1:1:1, Inactive
222999,1561856461, 2019/7/0 1:1:1, Inactive
224000,1561856461, 2019/7/0 1:1:1, Inactive
224999,1561856461, 2019/7/0 1:1:1, Inactive
225999,1561856461, 2019/7/0 1:1:1, Inactive
226999,1561856461, 2019/7/0 1:1:1, Inactive
227999,1561856461, 2019/7/0 1:1:1, Inactive
228999,1561856461, 2019/7/0 1:1:1, Inactive
229999,1561856461, 2019/7/0 1:1:1, Inactive
231000,1561856461, 2019/7/0 1:1:1, Inactive
231999,1561856461, 2019/7/0 1:1:1, Inactive
232999,1561856461, 2019/7/0 1:1:1, Active
233999,1561856461, 2019/7/0 1:1:1, Active
234999,1561856461, 2019/7/0 1:1:1, Active
235999,1561856461, 2019/7/0 1:1:1, Inactive
236999,1561856461, 2019/7/0 1:1:1, Inactive
238000,1561856461, 2019/7/0 1:1:1, Inactive
238999,1561856461, 2019/7/0 1:1:1, Inactive
239998,1561856461, 2019/7/0 1:1:1, Inactive
240999,1561856461, 2019/7/0 1:1:1, Inactive
241999,1561856461, 2019/7/0 1:1:1, Inactive
242999,1561856461, 2019/7/0 1:1:1, Inactive
243998,1561856461, 2019/7/0 1:1:1, Inactive
244999,1561856461, 2019/7/0 1:1:1, Inactive
245999,1561856461, 2019/7/0 1:1:1, Inactive
246999,1561856461, 2019/7/0 1:1:1, Active
247999,1561856461, 2019/7/0 1:1:1, Active
248999,1561856461, 2019/7/0 1:1:1, Active
249999,1561856461, 2019/7/0 1:1:1, Inactive
250999,1561856461, 2019/7/0 1:1:1, Inactive
251999,1561856461, 2019/7/0 1:1:1, Inactive
252999,1561856461, 2019/7/0 1:1:1, Inactive
253999,1561856461, 2019/7/0 1:1:1, Inactive
